{
  "best_model": "xgboost",
  "metrics": {
    "random_forest": {
      "model": "Random Forest",
      "rmse": 4.822,
      "mae": 2.059,
      "r2": 0.9433,
      "accuracy_pct": 94.33
    },
    "xgboost": {
      "model": "XGBoost",
      "rmse": 4.762,
      "mae": 2.046,
      "r2": 0.9447,
      "accuracy_pct": 94.47
    },
    "decision_tree": {
      "model": "Decision Tree",
      "rmse": 5.203,
      "mae": 2.205,
      "r2": 0.934,
      "accuracy_pct": 93.4
    }
  },
  "feature_importance": {
    "random_forest": {
      "queue_length": 0.4432241634606755,
      "priority": 0.3998202396511269,
      "num_doctors": 0.08756115158690247,
      "arrival_rate": 0.043241675305412945,
      "dept_load": 0.006770745603433324,
      "time_of_day": 0.01807858335960165,
      "free_doctors": 0.0013034410328473473
    },
    "xgboost": {
      "queue_length": 0.4422781960551766,
      "priority": 0.4039500945875622,
      "num_doctors": 0.0879111773171928,
      "arrival_rate": 0.04310255676098447,
      "dept_load": 0.006076813738239272,
      "time_of_day": 0.015265712052714752,
      "free_doctors": 0.0014154494881299178
    },
    "decision_tree": {
      "queue_length": 0.41805130523885475,
      "priority": 0.4150141030035394,
      "num_doctors": 0.10630198769815809,
      "arrival_rate": 0.04667656939576462,
      "dept_load": 0.00288364746469961,
      "time_of_day": 0.010343968634031657,
      "free_doctors": 0.0007284185649519315
    }
  },
  "feature_cols": [
    "queue_length",
    "priority",
    "num_doctors",
    "arrival_rate",
    "dept_load",
    "time_of_day",
    "free_doctors"
  ],
  "training_samples": 9168,
  "test_samples": 2292
}